[
    {
        "storeNumber": "R363",
        "city": "Aberdeen",
        "storeName": "Union Square"
    },
    {
        "storeNumber": "R595",
        "city": "Abu Dhabi",
        "storeName": "Yas Mall"
    },
    {
        "storeNumber": "R405",
        "city": "Adelaide",
        "storeName": "Rundle Place"
    },
    {
        "storeNumber": "R477",
        "city": "Aix-en-Provence",
        "storeName": "Aix-en-Provence"
    },
    {
        "storeNumber": "R353",
        "city": "Akron",
        "storeName": "Summit Mall"
    },
    {
        "storeNumber": "R017",
        "city": "Albany",
        "storeName": "Crossgates"
    },
    {
        "storeNumber": "R177",
        "city": "Albuquerque",
        "storeName": "ABQ Uptown"
    },
    {
        "storeNumber": "R080",
        "city": "Alpharetta",
        "storeName": "Avalon"
    },
    {
        "storeNumber": "R291",
        "city": "Altamonte Springs",
        "storeName": "Altamonte"
    },
    {
        "storeNumber": "R408",
        "city": "Amsterdam",
        "storeName": "Amsterdam"
    },
    {
        "storeNumber": "R262",
        "city": "Anchorage",
        "storeName": "Anchorage 5th Avenue Mall"
    },
    {
        "storeNumber": "R230",
        "city": "Ann Arbor",
        "storeName": "Briarwood"
    },
    {
        "storeNumber": "R142",
        "city": "Annapolis",
        "storeName": "Annapolis"
    },
    {
        "storeNumber": "R166",
        "city": "Ardmore",
        "storeName": "Suburban Square"
    },
    {
        "storeNumber": "R036",
        "city": "Arlington",
        "storeName": "Clarendon"
    },
    {
        "storeNumber": "R129",
        "city": "Arlington",
        "storeName": "Pentagon city"
    },
    {
        "storeNumber": "R538",
        "city": "Arroyo de la Encomienda",
        "storeName": "Río Shopping"
    },
    {
        "storeNumber": "R397",
        "city": "Arroyomolinos",
        "storeName": "Xanadú"
    },
    {
        "storeNumber": "R184",
        "city": "Atlanta",
        "storeName": "Perimeter"
    },
    {
        "storeNumber": "R006",
        "city": "Atlanta",
        "storeName": "Lenox Square"
    },
    {
        "storeNumber": "R591",
        "city": "Atlanta",
        "storeName": "Cumberland Mall"
    },
    {
        "storeNumber": "R431",
        "city": "Augsburg",
        "storeName": "city-Galerie"
    },
    {
        "storeNumber": "R364",
        "city": "Augusta",
        "storeName": "Augusta"
    },
    {
        "storeNumber": "R216",
        "city": "Austin",
        "storeName": "Domain NORTHSIDE"
    },
    {
        "storeNumber": "R085",
        "city": "Austin",
        "storeName": "Barton Creek"
    },
    {
        "storeNumber": "R087",
        "city": "Aventura",
        "storeName": "Aventura"
    },
    {
        "storeNumber": "R550",
        "city": "Bakersfield",
        "storeName": "Valley Plaza"
    },
    {
        "storeNumber": "R728",
        "city": "Bangkok",
        "storeName": "Iconsiam"
    },
    {
        "storeNumber": "R733",
        "city": "Bangkok",
        "storeName": "Central World"
    },
    {
        "storeNumber": "R406",
        "city": "Barcelona",
        "storeName": "La Maquinista"
    },
    {
        "storeNumber": "R368",
        "city": "Barcelona",
        "storeName": "Passeig de Gràcia"
    },
    {
        "storeNumber": "R567",
        "city": "Barra da Tijuca",
        "storeName": "VillageMall"
    },
    {
        "storeNumber": "R439",
        "city": "Basel",
        "storeName": "Freie Strasse"
    },
    {
        "storeNumber": "R482",
        "city": "Basingstoke",
        "storeName": "Festival Place"
    },
    {
        "storeNumber": "R335",
        "city": "Bath",
        "storeName": "SouthGate"
    },
    {
        "storeNumber": "R263",
        "city": "Baton Rouge",
        "storeName": "Mall of Louisiana"
    },
    {
        "storeNumber": "R518",
        "city": "Beavercreek",
        "storeName": "The Greene"
    },
    {
        "storeNumber": "R645",
        "city": "Beijing",
        "storeName": "Chaoyang Joy city"
    },
    {
        "storeNumber": "R448",
        "city": "Beijing",
        "storeName": "Wangfujing"
    },
    {
        "storeNumber": "R388",
        "city": "Beijing",
        "storeName": "Xidan Joy city"
    },
    {
        "storeNumber": "R320",
        "city": "Beijing",
        "storeName": "Sanlitun"
    },
    {
        "storeNumber": "R479",
        "city": "Beijing",
        "storeName": "China Central Mall"
    },
    {
        "storeNumber": "R313",
        "city": "Belfast",
        "storeName": "Victoria Square"
    },
    {
        "storeNumber": "R003",
        "city": "Bellevue",
        "storeName": "Bellevue Square"
    },
    {
        "storeNumber": "R414",
        "city": "Berkeley",
        "storeName": "4th Street"
    },
    {
        "storeNumber": "R358",
        "city": "Berlin",
        "storeName": "Kurfürstendamm"
    },
    {
        "storeNumber": "R112",
        "city": "Bethesda",
        "storeName": "Bethesda Row"
    },
    {
        "storeNumber": "R084",
        "city": "Bethesda",
        "storeName": "Montgomery Mall"
    },
    {
        "storeNumber": "R583",
        "city": "Beşiktaş İstanbul",
        "storeName": "Zorlu Center"
    },
    {
        "storeNumber": "R225",
        "city": "Birmingham",
        "storeName": "The Summit"
    },
    {
        "storeNumber": "R118",
        "city": "Birmingham",
        "storeName": "Birmingham"
    },
    {
        "storeNumber": "R007",
        "city": "Bloomington",
        "storeName": "Mall of America"
    },
    {
        "storeNumber": "R074",
        "city": "Boca Raton",
        "storeName": "Boca Raton"
    },
    {
        "storeNumber": "R303",
        "city": "Boise",
        "storeName": "Boise Towne Square"
    },
    {
        "storeNumber": "R427",
        "city": "Bologna",
        "storeName": "Via Rizzoli"
    },
    {
        "storeNumber": "R254",
        "city": "Bondi Junction",
        "storeName": "Bondi"
    },
    {
        "storeNumber": "R508",
        "city": "Booragoon",
        "storeName": "Booragoon"
    },
    {
        "storeNumber": "R424",
        "city": "Bordeaux",
        "storeName": "Sainte-Catherine"
    },
    {
        "storeNumber": "R149",
        "city": "Boston",
        "storeName": "Boylston Street"
    },
    {
        "storeNumber": "R172",
        "city": "Boulder",
        "storeName": "Twenty Ninth Street"
    },
    {
        "storeNumber": "R110",
        "city": "Braintree",
        "storeName": "South Shore"
    },
    {
        "storeNumber": "R289",
        "city": "Brandon",
        "storeName": "Brandon"
    },
    {
        "storeNumber": "R156",
        "city": "Brea",
        "storeName": "Brea Mall"
    },
    {
        "storeNumber": "R104",
        "city": "Bridgewater",
        "storeName": "Bridgewater"
    },
    {
        "storeNumber": "R244",
        "city": "Brighton",
        "storeName": "Churchill Square"
    },
    {
        "storeNumber": "R466",
        "city": "Brisbane city",
        "storeName": "Brisbane"
    },
    {
        "storeNumber": "R252",
        "city": "Bristol",
        "storeName": "Bristol"
    },
    {
        "storeNumber": "R393",
        "city": "Bristol",
        "storeName": "Cribbs Causeway"
    },
    {
        "storeNumber": "R523",
        "city": "Broadway",
        "storeName": "Broadway"
    },
    {
        "storeNumber": "R496",
        "city": "Bromley",
        "storeName": "Bromley"
    },
    {
        "storeNumber": "R753",
        "city": "Bronx",
        "storeName": "The Mall at Bay Plaza"
    },
    {
        "storeNumber": "R594",
        "city": "Brooklyn",
        "storeName": "Williamsburg"
    },
    {
        "storeNumber": "R715",
        "city": "Brooklyn",
        "storeName": "Downtown Brooklyn"
    },
    {
        "storeNumber": "R182",
        "city": "Broomfield",
        "storeName": "FlatIron Crossing"
    },
    {
        "storeNumber": "R512",
        "city": "Brossard",
        "storeName": "DIX30"
    },
    {
        "storeNumber": "R486",
        "city": "Brussels",
        "storeName": "Brussels"
    },
    {
        "storeNumber": "R016",
        "city": "Buffalo",
        "storeName": "Walden Galleria"
    },
    {
        "storeNumber": "R259",
        "city": "Buford",
        "storeName": "Mall of Georgia"
    },
    {
        "storeNumber": "R029",
        "city": "Burlingame",
        "storeName": "Burlingame"
    },
    {
        "storeNumber": "R155",
        "city": "Burlington",
        "storeName": "Burlington"
    },
    {
        "storeNumber": "R447",
        "city": "Burlington",
        "storeName": "Mapleview Centre"
    },
    {
        "storeNumber": "R460",
        "city": "Burnaby",
        "storeName": "Metrotown"
    },
    {
        "storeNumber": "R209",
        "city": "Calgary",
        "storeName": "Chinook Centre"
    },
    {
        "storeNumber": "R301",
        "city": "Calgary",
        "storeName": "Market Mall"
    },
    {
        "storeNumber": "R021",
        "city": "Cambridge",
        "storeName": "CambridgeSide"
    },
    {
        "storeNumber": "R270",
        "city": "Cambridge",
        "storeName": "Grand Arcade"
    },
    {
        "storeNumber": "R449",
        "city": "Campi Bisenzio",
        "storeName": "I Gigli"
    },
    {
        "storeNumber": "R483",
        "city": "Canberra",
        "storeName": "Canberra"
    },
    {
        "storeNumber": "R189",
        "city": "Canoga Park",
        "storeName": "Topanga"
    },
    {
        "storeNumber": "R334",
        "city": "Cardiff",
        "storeName": "Cardiff"
    },
    {
        "storeNumber": "R509",
        "city": "Carindale",
        "storeName": "Carindale"
    },
    {
        "storeNumber": "R294",
        "city": "Carlsbad",
        "storeName": "Carlsbad"
    },
    {
        "storeNumber": "R365",
        "city": "Carugate",
        "storeName": "Carosello"
    },
    {
        "storeNumber": "R344",
        "city": "Castle Hill",
        "storeName": "Castle Towers"
    },
    {
        "storeNumber": "R409",
        "city": "Causeway Bay",
        "storeName": "Causeway Bay"
    },
    {
        "storeNumber": "R428",
        "city": "Central",
        "storeName": "ifc mall"
    },
    {
        "storeNumber": "R300",
        "city": "Cerritos",
        "storeName": "Los Cerritos"
    },
    {
        "storeNumber": "R180",
        "city": "Chadstone",
        "storeName": "Chadstone"
    },
    {
        "storeNumber": "R026",
        "city": "Chandler",
        "storeName": "Chandler Fashion Center"
    },
    {
        "storeNumber": "R617",
        "city": "Changsha",
        "storeName": "Changsha"
    },
    {
        "storeNumber": "R318",
        "city": "Charleston",
        "storeName": "Charleston"
    },
    {
        "storeNumber": "R385",
        "city": "Charlestown",
        "storeName": "Charlestown"
    },
    {
        "storeNumber": "R463",
        "city": "Charlotte",
        "storeName": "Northlake Mall"
    },
    {
        "storeNumber": "R083",
        "city": "Charlotte",
        "storeName": "SouthPark"
    },
    {
        "storeNumber": "R253",
        "city": "Chatswood",
        "storeName": "Chatswood Chase"
    },
    {
        "storeNumber": "R343",
        "city": "Cheltenham",
        "storeName": "Southland"
    },
    {
        "storeNumber": "R580",
        "city": "Chengdu",
        "storeName": "Taikoo Li Chengdu"
    },
    {
        "storeNumber": "R502",
        "city": "Chengdu",
        "storeName": "MixC Chengdu"
    },
    {
        "storeNumber": "R384",
        "city": "Chermside",
        "storeName": "Chermside"
    },
    {
        "storeNumber": "R206",
        "city": "Cherry Hill",
        "storeName": "Cherry Hill"
    },
    {
        "storeNumber": "R076",
        "city": "Chestnut Hill",
        "storeName": "Chestnut Hill"
    },
    {
        "storeNumber": "R284",
        "city": "Chicago",
        "storeName": "Lincoln Park"
    },
    {
        "storeNumber": "R035",
        "city": "Chicago",
        "storeName": "Michigan Avenue"
    },
    {
        "storeNumber": "R718",
        "city": "Chiyoda-ku",
        "storeName": "Marunouchi"
    },
    {
        "storeNumber": "R476",
        "city": "Chongqing",
        "storeName": "Paradise Walk Chongqing"
    },
    {
        "storeNumber": "R573",
        "city": "Chongqing",
        "storeName": "MixC Chongqing"
    },
    {
        "storeNumber": "R480",
        "city": "Chongqing",
        "storeName": "Jiefangbei"
    },
    {
        "storeNumber": "R213",
        "city": "Chula Vista",
        "storeName": "Otay Ranch"
    },
    {
        "storeNumber": "R079",
        "city": "Chuo-ku",
        "storeName": "Ginza"
    },
    {
        "storeNumber": "R507",
        "city": "Churra",
        "storeName": "Nueva Condomina"
    },
    {
        "storeNumber": "R028",
        "city": "Cincinnati",
        "storeName": "Kenwood Towne Centre"
    },
    {
        "storeNumber": "R218",
        "city": "Clinton Township",
        "storeName": "Partridge Creek"
    },
    {
        "storeNumber": "R520",
        "city": "Cologne",
        "storeName": "Rhein Center"
    },
    {
        "storeNumber": "R559",
        "city": "Cologne",
        "storeName": "Schildergasse"
    },
    {
        "storeNumber": "R338",
        "city": "Colorado Springs",
        "storeName": "The Promenade Shops at Briargate"
    },
    {
        "storeNumber": "R168",
        "city": "Columbia",
        "storeName": "Columbia"
    },
    {
        "storeNumber": "R009",
        "city": "Columbus",
        "storeName": "Easton Town Center"
    },
    {
        "storeNumber": "R417",
        "city": "Columbus",
        "storeName": "Polaris Fashion Place"
    },
    {
        "storeNumber": "R488",
        "city": "Coquitlam",
        "storeName": "Coquitlam Centre"
    },
    {
        "storeNumber": "R071",
        "city": "Corte Madera",
        "storeName": "Corte Madera"
    },
    {
        "storeNumber": "R004",
        "city": "Costa Mesa",
        "storeName": "South Coast Plaza"
    },
    {
        "storeNumber": "R708",
        "city": "Cuajimalpa de Morelos",
        "storeName": "Vía Santa Fe"
    },
    {
        "storeNumber": "R052",
        "city": "Cupertino",
        "storeName": "Infinite Loop"
    },
    {
        "storeNumber": "R824",
        "city": "Cupertino",
        "storeName": "Apple Park Visitor Center"
    },
    {
        "storeNumber": "R478",
        "city": "Dalian",
        "storeName": "Parkland"
    },
    {
        "storeNumber": "R609",
        "city": "Dalian",
        "storeName": "Olympia 66 Dalian"
    },
    {
        "storeNumber": "R042",
        "city": "Dallas",
        "storeName": "Knox Street"
    },
    {
        "storeNumber": "R144",
        "city": "Dallas",
        "storeName": "NorthPark Center"
    },
    {
        "storeNumber": "R746",
        "city": "Dallas",
        "storeName": "Galleria Dallas"
    },
    {
        "storeNumber": "R093",
        "city": "Danbury",
        "storeName": "Danbury Fair Mall"
    },
    {
        "storeNumber": "R346",
        "city": "Dedham",
        "storeName": "Legacy Place"
    },
    {
        "storeNumber": "R258",
        "city": "Deer Park",
        "storeName": "Deer Park"
    },
    {
        "storeNumber": "R047",
        "city": "Denver",
        "storeName": "Cherry Creek"
    },
    {
        "storeNumber": "R522",
        "city": "Dijon",
        "storeName": "La Toison d’Or"
    },
    {
        "storeNumber": "R342",
        "city": "Doncaster",
        "storeName": "Doncaster"
    },
    {
        "storeNumber": "R430",
        "city": "Dresden",
        "storeName": "Altmarkt-Galerie"
    },
    {
        "storeNumber": "R597",
        "city": "Dubai",
        "storeName": "Dubai Mall"
    },
    {
        "storeNumber": "R596",
        "city": "Dubai",
        "storeName": "Mall of the Emirates"
    },
    {
        "storeNumber": "R049",
        "city": "Durham",
        "storeName": "Southpoint"
    },
    {
        "storeNumber": "R331",
        "city": "Düsseldorf",
        "storeName": "Düsseldorf"
    },
    {
        "storeNumber": "R054",
        "city": "Edina",
        "storeName": "Southdale"
    },
    {
        "storeNumber": "R328",
        "city": "Edinburgh",
        "storeName": "Edinburgh"
    },
    {
        "storeNumber": "R067",
        "city": "Edison",
        "storeName": "Menlo Park"
    },
    {
        "storeNumber": "R273",
        "city": "Edmonton",
        "storeName": "West Edmonton"
    },
    {
        "storeNumber": "R411",
        "city": "Edmonton",
        "storeName": "Southgate Centre"
    },
    {
        "storeNumber": "R492",
        "city": "El Paso",
        "storeName": "Cielo Vista Mall"
    },
    {
        "storeNumber": "R612",
        "city": "Elmhurst",
        "storeName": "Queens Center"
    },
    {
        "storeNumber": "R057",
        "city": "Emeryville",
        "storeName": "Bay Street"
    },
    {
        "storeNumber": "R285",
        "city": "Escondido",
        "storeName": "North County"
    },
    {
        "storeNumber": "R185",
        "city": "Estero",
        "storeName": "Coconut Point"
    },
    {
        "storeNumber": "R279",
        "city": "Exeter",
        "storeName": "Princesshay"
    },
    {
        "storeNumber": "R221",
        "city": "Fairfax",
        "storeName": "Fair Oaks"
    },
    {
        "storeNumber": "R025",
        "city": "Farmington",
        "storeName": "Westfarms"
    },
    {
        "storeNumber": "R599",
        "city": "Farmington",
        "storeName": "Station Park"
    },
    {
        "storeNumber": "R602",
        "city": "Florence",
        "storeName": "Firenze"
    },
    {
        "storeNumber": "R214",
        "city": "Fort Lauderdale",
        "storeName": "The Galleria"
    },
    {
        "storeNumber": "R316",
        "city": "Fort Worth",
        "storeName": "University Park Village"
    },
    {
        "storeNumber": "R530",
        "city": "Fountain Gate",
        "storeName": "Fountain Gate"
    },
    {
        "storeNumber": "R352",
        "city": "Frankfurt",
        "storeName": "Grosse Bockenheimer Strasse"
    },
    {
        "storeNumber": "R513",
        "city": "Franklin",
        "storeName": "CoolSprings Galleria"
    },
    {
        "storeNumber": "R138",
        "city": "Freehold",
        "storeName": "Freehold Raceway Mall"
    },
    {
        "storeNumber": "R236",
        "city": "Fresno",
        "storeName": "Fashion Fair"
    },
    {
        "storeNumber": "R204",
        "city": "Friendswood",
        "storeName": "Baybrook"
    },
    {
        "storeNumber": "R048",
        "city": "Fukuoka-shi",
        "storeName": "Fukuoka"
    },
    {
        "storeNumber": "R646",
        "city": "Fuzhou",
        "storeName": "Tahoe Plaza"
    },
    {
        "storeNumber": "R060",
        "city": "Garden city",
        "storeName": "Roosevelt Field"
    },
    {
        "storeNumber": "R423",
        "city": "Gateshead",
        "storeName": "Metrocentre"
    },
    {
        "storeNumber": "R275",
        "city": "Geneva",
        "storeName": "Rue de Rive"
    },
    {
        "storeNumber": "R020",
        "city": "Germantown",
        "storeName": "Saddle Creek"
    },
    {
        "storeNumber": "R267",
        "city": "Gilbert",
        "storeName": "SanTan Village"
    },
    {
        "storeNumber": "R135",
        "city": "Glasgow",
        "storeName": "Glasgow"
    },
    {
        "storeNumber": "R340",
        "city": "Glasgow",
        "storeName": "Braehead"
    },
    {
        "storeNumber": "R309",
        "city": "Glattzentrum bei Wallisellen",
        "storeName": "Glattzentrum"
    },
    {
        "storeNumber": "R001",
        "city": "Glendale",
        "storeName": "Glendale Galleria"
    },
    {
        "storeNumber": "R451",
        "city": "Glendale",
        "storeName": "The Americana at Brand"
    },
    {
        "storeNumber": "R247",
        "city": "Glendale",
        "storeName": "Arrowhead"
    },
    {
        "storeNumber": "R257",
        "city": "Glendale",
        "storeName": "Bayshore"
    },
    {
        "storeNumber": "R132",
        "city": "Grand Rapids",
        "storeName": "Woodland"
    },
    {
        "storeNumber": "R242",
        "city": "Grays",
        "storeName": "Lakeside"
    },
    {
        "storeNumber": "R113",
        "city": "Greenhithe",
        "storeName": "Bluewater"
    },
    {
        "storeNumber": "R293",
        "city": "Greensboro",
        "storeName": "Friendly Center"
    },
    {
        "storeNumber": "R355",
        "city": "Greenville",
        "storeName": "Haywood Mall"
    },
    {
        "storeNumber": "R282",
        "city": "Greenwich",
        "storeName": "Greenwich Avenue"
    },
    {
        "storeNumber": "R278",
        "city": "Grugliasco",
        "storeName": "Le Gru"
    },
    {
        "storeNumber": "R639",
        "city": "Guangzhou",
        "storeName": "Zhujiang New Town"
    },
    {
        "storeNumber": "R577",
        "city": "Guangzhou",
        "storeName": "Parc Central"
    },
    {
        "storeNumber": "R539",
        "city": "Haarlem",
        "storeName": "Haarlem"
    },
    {
        "storeNumber": "R514",
        "city": "Halifax",
        "storeName": "Halifax Shopping Centre"
    },
    {
        "storeNumber": "R396",
        "city": "Hamburg",
        "storeName": "Jungfernstieg"
    },
    {
        "storeNumber": "R366",
        "city": "Hamburg",
        "storeName": "Alstertal"
    },
    {
        "storeNumber": "R471",
        "city": "Hangzhou",
        "storeName": "West Lake"
    },
    {
        "storeNumber": "R532",
        "city": "Hangzhou",
        "storeName": "MixC Hangzhou"
    },
    {
        "storeNumber": "R455",
        "city": "Hannover",
        "storeName": "Hannover"
    },
    {
        "storeNumber": "R593",
        "city": "Helsingborg",
        "storeName": "Väla Centrum"
    },
    {
        "storeNumber": "R137",
        "city": "Hingham",
        "storeName": "Derby Street"
    },
    {
        "storeNumber": "R191",
        "city": "Holyoke",
        "storeName": "Holyoke"
    },
    {
        "storeNumber": "R198",
        "city": "Honolulu",
        "storeName": "Royal Hawaiian"
    },
    {
        "storeNumber": "R210",
        "city": "Honolulu",
        "storeName": "Kahala"
    },
    {
        "storeNumber": "R073",
        "city": "Honolulu",
        "storeName": "Ala Moana"
    },
    {
        "storeNumber": "R458",
        "city": "Hornsby",
        "storeName": "Hornsby"
    },
    {
        "storeNumber": "R058",
        "city": "Houston",
        "storeName": "Houston Galleria"
    },
    {
        "storeNumber": "R321",
        "city": "Houston",
        "storeName": "Willowbrook Mall"
    },
    {
        "storeNumber": "R164",
        "city": "Houston",
        "storeName": "Memorial city"
    },
    {
        "storeNumber": "R437",
        "city": "Houston",
        "storeName": "Highland Village"
    },
    {
        "storeNumber": "R068",
        "city": "Huntington Station",
        "storeName": "Walt Whitman"
    },
    {
        "storeNumber": "R266",
        "city": "Huntsville",
        "storeName": "Bridge Street"
    },
    {
        "storeNumber": "R066",
        "city": "Indianapolis",
        "storeName": "The Fashion Mall at Keystone"
    },
    {
        "storeNumber": "R146",
        "city": "Irvine",
        "storeName": "Irvine Spectrum Center"
    },
    {
        "storeNumber": "R111",
        "city": "Jacksonville",
        "storeName": "St. Johns Town Center"
    },
    {
        "storeNumber": "R648",
        "city": "Jinan",
        "storeName": "Parc 66 Jinan"
    },
    {
        "storeNumber": "R724",
        "city": "Kadıköy İstanbul",
        "storeName": "Bağdat Caddesi"
    },
    {
        "storeNumber": "R097",
        "city": "Kansas city",
        "storeName": "Country Club Plaza"
    },
    {
        "storeNumber": "R710",
        "city": "Kawasaki-shi",
        "storeName": "Kawasaki"
    },
    {
        "storeNumber": "R065",
        "city": "King of Prussia",
        "storeName": "King of Prussia"
    },
    {
        "storeNumber": "R227",
        "city": "Kingston upon Thames",
        "storeName": "Bentall Centre"
    },
    {
        "storeNumber": "R203",
        "city": "Knoxville",
        "storeName": "West Town Mall"
    },
    {
        "storeNumber": "R485",
        "city": "Kowloon Tong",
        "storeName": "Festival Walk"
    },
    {
        "storeNumber": "R670",
        "city": "Kunming",
        "storeName": "Kunming"
    },
    {
        "storeNumber": "R673",
        "city": "Kwun Tong",
        "storeName": "apm Hong Kong"
    },
    {
        "storeNumber": "R711",
        "city": "Kyoto-shi",
        "storeName": "Kyoto"
    },
    {
        "storeNumber": "R139",
        "city": "Lake Grove",
        "storeName": "Smith Haven"
    },
    {
        "storeNumber": "R304",
        "city": "Lancaster",
        "storeName": "Park city"
    },
    {
        "storeNumber": "R616",
        "city": "Lansing",
        "storeName": "Eastwood Towne Center"
    },
    {
        "storeNumber": "R650",
        "city": "Las Vegas",
        "storeName": "Summerlin"
    },
    {
        "storeNumber": "R161",
        "city": "Las Vegas",
        "storeName": "The Forum Shops"
    },
    {
        "storeNumber": "R064",
        "city": "Las Vegas",
        "storeName": "Fashion Show"
    },
    {
        "storeNumber": "R219",
        "city": "Las Vegas",
        "storeName": "Town Square"
    },
    {
        "storeNumber": "R207",
        "city": "Laval",
        "storeName": "Carrefour Laval"
    },
    {
        "storeNumber": "R549",
        "city": "Lawrence Township",
        "storeName": "Quaker Bridge"
    },
    {
        "storeNumber": "R374",
        "city": "Le Chesnay",
        "storeName": "Parly 2"
    },
    {
        "storeNumber": "R283",
        "city": "Leawood",
        "storeName": "Leawood"
    },
    {
        "storeNumber": "R372",
        "city": "Leeds",
        "storeName": "Trinity Leeds"
    },
    {
        "storeNumber": "R436",
        "city": "Leganés",
        "storeName": "Parquesur"
    },
    {
        "storeNumber": "R308",
        "city": "Leicester",
        "storeName": "Highcross"
    },
    {
        "storeNumber": "R288",
        "city": "Lexington",
        "storeName": "Fritz Farm"
    },
    {
        "storeNumber": "R438",
        "city": "Lieusaint",
        "storeName": "Carré Sénart"
    },
    {
        "storeNumber": "R376",
        "city": "Lille",
        "storeName": "Lille"
    },
    {
        "storeNumber": "R286",
        "city": "Little Rock",
        "storeName": "The Promenade at Chenal"
    },
    {
        "storeNumber": "R030",
        "city": "Littleton",
        "storeName": "Aspen Grove"
    },
    {
        "storeNumber": "R239",
        "city": "Liverpool",
        "storeName": "Liverpool"
    },
    {
        "storeNumber": "R547",
        "city": "Lonato",
        "storeName": "il Leone"
    },
    {
        "storeNumber": "R489",
        "city": "London",
        "storeName": "Masonville"
    },
    {
        "storeNumber": "R245",
        "city": "London",
        "storeName": "Covent Garden"
    },
    {
        "storeNumber": "R092",
        "city": "London",
        "storeName": "Regent Street"
    },
    {
        "storeNumber": "R410",
        "city": "London",
        "storeName": "Stratford city"
    },
    {
        "storeNumber": "R226",
        "city": "London",
        "storeName": "White city"
    },
    {
        "storeNumber": "R163",
        "city": "London",
        "storeName": "Brent Cross"
    },
    {
        "storeNumber": "R228",
        "city": "Lone Tree",
        "storeName": "Park Meadows"
    },
    {
        "storeNumber": "R050",
        "city": "Los Angeles",
        "storeName": "The Grove"
    },
    {
        "storeNumber": "R720",
        "city": "Los Angeles",
        "storeName": "Tower Theatre"
    },
    {
        "storeNumber": "R124",
        "city": "Los Angeles",
        "storeName": "Beverly Center"
    },
    {
        "storeNumber": "R108",
        "city": "Los Angeles",
        "storeName": "Century city"
    },
    {
        "storeNumber": "R240",
        "city": "Los Gatos",
        "storeName": "Los Gatos"
    },
    {
        "storeNumber": "R264",
        "city": "Louisville",
        "storeName": "Oxmoor"
    },
    {
        "storeNumber": "R011",
        "city": "Lynnfield",
        "storeName": "MarketStreet"
    },
    {
        "storeNumber": "R100",
        "city": "Lynnwood",
        "storeName": "Alderwood"
    },
    {
        "storeNumber": "R469",
        "city": "Lyon",
        "storeName": "Confluence"
    },
    {
        "storeNumber": "R373",
        "city": "Lyon",
        "storeName": "Part-Dieu"
    },
    {
        "storeNumber": "R672",
        "city": "Macao",
        "storeName": "Galaxy Macau"
    },
    {
        "storeNumber": "R697",
        "city": "Macao",
        "storeName": "Cotai Strip"
    },
    {
        "storeNumber": "R229",
        "city": "Madison",
        "storeName": "Hilldale"
    },
    {
        "storeNumber": "R450",
        "city": "Madrid",
        "storeName": "Puerta del Sol"
    },
    {
        "storeNumber": "R435",
        "city": "Majadahonda",
        "storeName": "Gran Plaza 2"
    },
    {
        "storeNumber": "R503",
        "city": "Malmö",
        "storeName": "Emporia"
    },
    {
        "storeNumber": "R631",
        "city": "Manchester",
        "storeName": "The Mall of New Hampshire"
    },
    {
        "storeNumber": "R136",
        "city": "Manchester",
        "storeName": "Trafford Centre"
    },
    {
        "storeNumber": "R215",
        "city": "Manchester",
        "storeName": "Manchester Arndale"
    },
    {
        "storeNumber": "R327",
        "city": "Manhasset",
        "storeName": "Manhasset"
    },
    {
        "storeNumber": "R122",
        "city": "Manhattan Beach",
        "storeName": "Manhattan Village"
    },
    {
        "storeNumber": "R468",
        "city": "Marbella",
        "storeName": "La Cañada"
    },
    {
        "storeNumber": "R453",
        "city": "Marcianise",
        "storeName": "Campania"
    },
    {
        "storeNumber": "R504",
        "city": "Maribyrnong",
        "storeName": "Highpoint"
    },
    {
        "storeNumber": "R515",
        "city": "Markham",
        "storeName": "Markville Shopping Centre"
    },
    {
        "storeNumber": "R622",
        "city": "Marlborough",
        "storeName": "Solomon Pond Mall"
    },
    {
        "storeNumber": "R088",
        "city": "Marlton",
        "storeName": "Sagemore"
    },
    {
        "storeNumber": "R425",
        "city": "Marne-la-Vallee",
        "storeName": "Val d’Europe"
    },
    {
        "storeNumber": "R357",
        "city": "Marseille",
        "storeName": "Marseille"
    },
    {
        "storeNumber": "R010",
        "city": "McLean",
        "storeName": "Tysons Corner"
    },
    {
        "storeNumber": "R625",
        "city": "Mestre",
        "storeName": "Nave de Vero"
    },
    {
        "storeNumber": "R235",
        "city": "Metairie",
        "storeName": "Lakeside Shopping Center"
    },
    {
        "storeNumber": "R740",
        "city": "Mexico city",
        "storeName": "Antara"
    },
    {
        "storeNumber": "R312",
        "city": "Miami",
        "storeName": "Dadeland"
    },
    {
        "storeNumber": "R623",
        "city": "Miami",
        "storeName": "Brickell city Centre"
    },
    {
        "storeNumber": "R012",
        "city": "Miami",
        "storeName": "The Falls"
    },
    {
        "storeNumber": "R115",
        "city": "Miami Beach",
        "storeName": "Lincoln Road"
    },
    {
        "storeNumber": "R667",
        "city": "Milan",
        "storeName": "Piazza Liberty"
    },
    {
        "storeNumber": "R269",
        "city": "Milton Keynes",
        "storeName": "Milton Keynes"
    },
    {
        "storeNumber": "R183",
        "city": "Minnetonka",
        "storeName": "Ridgedale"
    },
    {
        "storeNumber": "R606",
        "city": "Miranda",
        "storeName": "Miranda"
    },
    {
        "storeNumber": "R360",
        "city": "Mishawaka",
        "storeName": "University Park Mall"
    },
    {
        "storeNumber": "R069",
        "city": "Mission Viejo",
        "storeName": "Mission Viejo"
    },
    {
        "storeNumber": "R350",
        "city": "Mississauga",
        "storeName": "Square One"
    },
    {
        "storeNumber": "R454",
        "city": "Misterbianco",
        "storeName": "Centro Sicilia"
    },
    {
        "storeNumber": "R322",
        "city": "Modesto",
        "storeName": "Vintage Faire"
    },
    {
        "storeNumber": "R305",
        "city": "Monterey",
        "storeName": "Del Monte"
    },
    {
        "storeNumber": "R367",
        "city": "Montpellier",
        "storeName": "Odysseum"
    },
    {
        "storeNumber": "R248",
        "city": "Montreal",
        "storeName": "Sainte-Catherine"
    },
    {
        "storeNumber": "R045",
        "city": "Munich",
        "storeName": "Rosenstrasse"
    },
    {
        "storeNumber": "R521",
        "city": "Munich",
        "storeName": "OEZ"
    },
    {
        "storeNumber": "R461",
        "city": "Murray",
        "storeName": "Fashion Place"
    },
    {
        "storeNumber": "R005",
        "city": "Nagoya-shi",
        "storeName": "Nagoya Sakae"
    },
    {
        "storeNumber": "R643",
        "city": "Nanjing",
        "storeName": "Wonder city"
    },
    {
        "storeNumber": "R493",
        "city": "Nanjing",
        "storeName": "Nanjing IST"
    },
    {
        "storeNumber": "R703",
        "city": "Nanjing",
        "storeName": "Xuanwu Lake"
    },
    {
        "storeNumber": "R571",
        "city": "Nanning",
        "storeName": "MixC Nanning"
    },
    {
        "storeNumber": "R046",
        "city": "Nanuet",
        "storeName": "Nanuet"
    },
    {
        "storeNumber": "R348",
        "city": "Naperville",
        "storeName": "Main Place"
    },
    {
        "storeNumber": "R169",
        "city": "Naples",
        "storeName": "Waterside Shops"
    },
    {
        "storeNumber": "R354",
        "city": "Nashua",
        "storeName": "Pheasant Lane"
    },
    {
        "storeNumber": "R133",
        "city": "Nashville",
        "storeName": "Downtown Nashville"
    },
    {
        "storeNumber": "R123",
        "city": "Nashville",
        "storeName": "Green Hills"
    },
    {
        "storeNumber": "R232",
        "city": "Natick",
        "storeName": "Natick"
    },
    {
        "storeNumber": "R446",
        "city": "New Haven",
        "storeName": "New Haven"
    },
    {
        "storeNumber": "R251",
        "city": "New York",
        "storeName": "Upper West Side"
    },
    {
        "storeNumber": "R582",
        "city": "New York",
        "storeName": "Upper East Side"
    },
    {
        "storeNumber": "R032",
        "city": "New York",
        "storeName": "SoHo"
    },
    {
        "storeNumber": "R095",
        "city": "New York",
        "storeName": "Fifth Avenue"
    },
    {
        "storeNumber": "R654",
        "city": "New York",
        "storeName": "World Trade Center"
    },
    {
        "storeNumber": "R250",
        "city": "New York",
        "storeName": "West 14th Street"
    },
    {
        "storeNumber": "R415",
        "city": "New York",
        "storeName": "Grand Central"
    },
    {
        "storeNumber": "R102",
        "city": "Newark",
        "storeName": "Christiana Mall"
    },
    {
        "storeNumber": "R341",
        "city": "Newcastle upon Tyne",
        "storeName": "Eldon Square"
    },
    {
        "storeNumber": "R429",
        "city": "Newmarket",
        "storeName": "Upper Canada Mall"
    },
    {
        "storeNumber": "R015",
        "city": "Newport Beach",
        "storeName": "Fashion Island"
    },
    {
        "storeNumber": "R395",
        "city": "Nice",
        "storeName": "CAP 3000"
    },
    {
        "storeNumber": "R531",
        "city": "Ningbo",
        "storeName": "Tianyi Square"
    },
    {
        "storeNumber": "R141",
        "city": "Northbrook",
        "storeName": "Northbrook"
    },
    {
        "storeNumber": "R023",
        "city": "Northridge",
        "storeName": "Northridge"
    },
    {
        "storeNumber": "R202",
        "city": "Norwalk",
        "storeName": "SoNo Collection"
    },
    {
        "storeNumber": "R391",
        "city": "Norwich",
        "storeName": "Norwich"
    },
    {
        "storeNumber": "R041",
        "city": "Novi",
        "storeName": "Twelve Oaks"
    },
    {
        "storeNumber": "R056",
        "city": "Oak Brook",
        "storeName": "Oakbrook"
    },
    {
        "storeNumber": "R403",
        "city": "Oberhausen",
        "storeName": "CentrO"
    },
    {
        "storeNumber": "R130",
        "city": "Oklahoma city",
        "storeName": "Penn Square"
    },
    {
        "storeNumber": "R190",
        "city": "Omaha",
        "storeName": "Village Pointe"
    },
    {
        "storeNumber": "R418",
        "city": "Orio al Serio",
        "storeName": "Oriocenter"
    },
    {
        "storeNumber": "R237",
        "city": "Orland Park",
        "storeName": "Orland Square Mall"
    },
    {
        "storeNumber": "R053",
        "city": "Orlando",
        "storeName": "Millenia"
    },
    {
        "storeNumber": "R143",
        "city": "Orlando",
        "storeName": "Florida Mall"
    },
    {
        "storeNumber": "R091",
        "city": "Osaka-shi",
        "storeName": "Shinsaibashi"
    },
    {
        "storeNumber": "R332",
        "city": "Ottawa",
        "storeName": "Rideau"
    },
    {
        "storeNumber": "R490",
        "city": "Ottawa",
        "storeName": "Bayshore Shopping Centre"
    },
    {
        "storeNumber": "R127",
        "city": "Palm Beach Gardens",
        "storeName": "The Gardens Mall"
    },
    {
        "storeNumber": "R297",
        "city": "Palm Desert",
        "storeName": "El Paseo Village"
    },
    {
        "storeNumber": "R099",
        "city": "Palo Alto",
        "storeName": "Stanford Shopping Center"
    },
    {
        "storeNumber": "R002",
        "city": "Palo Alto",
        "storeName": "Palo Alto"
    },
    {
        "storeNumber": "R117",
        "city": "Paramus",
        "storeName": "Garden State Plaza"
    },
    {
        "storeNumber": "R277",
        "city": "Paris",
        "storeName": "Opéra"
    },
    {
        "storeNumber": "R566",
        "city": "Paris",
        "storeName": "Marché Saint-Germain"
    },
    {
        "storeNumber": "R675",
        "city": "Paris",
        "storeName": "Champs-Élysées"
    },
    {
        "storeNumber": "R034",
        "city": "Pasadena",
        "storeName": "Pasadena"
    },
    {
        "storeNumber": "R440",
        "city": "Penrith",
        "storeName": "Penrith"
    },
    {
        "storeNumber": "R386",
        "city": "Perth",
        "storeName": "Perth city"
    },
    {
        "storeNumber": "R162",
        "city": "Philadelphia",
        "storeName": "Walnut Street"
    },
    {
        "storeNumber": "R147",
        "city": "Pittsburgh",
        "storeName": "South Hills Village"
    },
    {
        "storeNumber": "R413",
        "city": "Pittsburgh",
        "storeName": "Ross Park"
    },
    {
        "storeNumber": "R096",
        "city": "Pittsburgh",
        "storeName": "Shadyside"
    },
    {
        "storeNumber": "R101",
        "city": "Pleasanton",
        "storeName": "Stoneridge Mall"
    },
    {
        "storeNumber": "R545",
        "city": "Plymouth",
        "storeName": "Plymouth"
    },
    {
        "storeNumber": "R392",
        "city": "Pointe-Claire",
        "storeName": "Fairview Pointe-Claire"
    },
    {
        "storeNumber": "R077",
        "city": "Portland",
        "storeName": "Pioneer Place"
    },
    {
        "storeNumber": "R167",
        "city": "Providence",
        "storeName": "Providence Place"
    },
    {
        "storeNumber": "R178",
        "city": "Puteaux - la Defense",
        "storeName": "Les Quatre Temps"
    },
    {
        "storeNumber": "R557",
        "city": "Qingdao",
        "storeName": "MixC Qingdao"
    },
    {
        "storeNumber": "R412",
        "city": "Quebec city",
        "storeName": "Place Ste-Foy"
    },
    {
        "storeNumber": "R116",
        "city": "Raleigh",
        "storeName": "Crabtree Valley Mall"
    },
    {
        "storeNumber": "R094",
        "city": "Rancho Cucamonga",
        "storeName": "Victoria Gardens"
    },
    {
        "storeNumber": "R176",
        "city": "Reading",
        "storeName": "The Oracle"
    },
    {
        "storeNumber": "R186",
        "city": "Reno",
        "storeName": "Summit Sierra"
    },
    {
        "storeNumber": "R271",
        "city": "Reston",
        "storeName": "Reston"
    },
    {
        "storeNumber": "R078",
        "city": "Richmond",
        "storeName": "Short Pump Town Center"
    },
    {
        "storeNumber": "R421",
        "city": "Richmond",
        "storeName": "Richmond Centre"
    },
    {
        "storeNumber": "R324",
        "city": "Ridgeland",
        "storeName": "Renaissance at Colony Park"
    },
    {
        "storeNumber": "R564",
        "city": "Rimini",
        "storeName": "Le Befane"
    },
    {
        "storeNumber": "R351",
        "city": "Robina Town Centre",
        "storeName": "Robina"
    },
    {
        "storeNumber": "R103",
        "city": "Rockaway",
        "storeName": "Rockaway"
    },
    {
        "storeNumber": "R562",
        "city": "Roma",
        "storeName": "Euroma2"
    },
    {
        "storeNumber": "R381",
        "city": "Roma Bufalotta",
        "storeName": "Porta di Roma"
    },
    {
        "storeNumber": "R382",
        "city": "Rome",
        "storeName": "Via del Corso"
    },
    {
        "storeNumber": "R298",
        "city": "Roseville",
        "storeName": "Roseville"
    },
    {
        "storeNumber": "R022",
        "city": "Roseville",
        "storeName": "Rosedale Center"
    },
    {
        "storeNumber": "R536",
        "city": "Rosny-Sous-Bois",
        "storeName": "Rosny 2"
    },
    {
        "storeNumber": "R441",
        "city": "Rozzano",
        "storeName": "Fiordaliso"
    },
    {
        "storeNumber": "R070",
        "city": "Sacramento",
        "storeName": "Arden Fair"
    },
    {
        "storeNumber": "R470",
        "city": "Saint Herblain",
        "storeName": "Atlantis"
    },
    {
        "storeNumber": "R027",
        "city": "Salem",
        "storeName": "Rockingham Park"
    },
    {
        "storeNumber": "R125",
        "city": "Salt Lake city",
        "storeName": "city Creek Center"
    },
    {
        "storeNumber": "R131",
        "city": "San Antonio",
        "storeName": "La Cantera"
    },
    {
        "storeNumber": "R290",
        "city": "San Antonio",
        "storeName": "North Star"
    },
    {
        "storeNumber": "R082",
        "city": "San Diego",
        "storeName": "UTC"
    },
    {
        "storeNumber": "R040",
        "city": "San Diego",
        "storeName": "Fashion Valley"
    },
    {
        "storeNumber": "R217",
        "city": "San Francisco",
        "storeName": "Chestnut Street"
    },
    {
        "storeNumber": "R033",
        "city": "San Francisco",
        "storeName": "Stonestown"
    },
    {
        "storeNumber": "R075",
        "city": "San Francisco",
        "storeName": "Union Square"
    },
    {
        "storeNumber": "R105",
        "city": "San Jose",
        "storeName": "Oakridge"
    },
    {
        "storeNumber": "R199",
        "city": "San Luis Obispo",
        "storeName": "Higuera Street"
    },
    {
        "storeNumber": "R231",
        "city": "San Mateo",
        "storeName": "Hillsdale"
    },
    {
        "storeNumber": "R317",
        "city": "Santa Barbara",
        "storeName": "State Street"
    },
    {
        "storeNumber": "R039",
        "city": "Santa Clara",
        "storeName": "Valley Fair"
    },
    {
        "storeNumber": "R051",
        "city": "Santa Monica",
        "storeName": "Third Street Promenade"
    },
    {
        "storeNumber": "R044",
        "city": "Santa Rosa",
        "storeName": "Santa Rosa Plaza"
    },
    {
        "storeNumber": "R615",
        "city": "Sarasota",
        "storeName": "University Town Center"
    },
    {
        "storeNumber": "R018",
        "city": "Schaumburg",
        "storeName": "Woodfield"
    },
    {
        "storeNumber": "R031",
        "city": "Scottsdale",
        "storeName": "Scottsdale Fashion Square"
    },
    {
        "storeNumber": "R292",
        "city": "Scottsdale",
        "storeName": "Scottsdale Quarter"
    },
    {
        "storeNumber": "R072",
        "city": "Seattle",
        "storeName": "University Village"
    },
    {
        "storeNumber": "R747",
        "city": "Seoul",
        "storeName": "Yeouido"
    },
    {
        "storeNumber": "R692",
        "city": "Seoul",
        "storeName": "Garosugil"
    },
    {
        "storeNumber": "R610",
        "city": "Sha Tin",
        "storeName": "New Town Plaza"
    },
    {
        "storeNumber": "R401",
        "city": "Shanghai",
        "storeName": "Shanghai iapm"
    },
    {
        "storeNumber": "R683",
        "city": "Shanghai",
        "storeName": "Global Harbor"
    },
    {
        "storeNumber": "R705",
        "city": "Shanghai",
        "storeName": "Qibao"
    },
    {
        "storeNumber": "R359",
        "city": "Shanghai",
        "storeName": "Nanjing East"
    },
    {
        "storeNumber": "R390",
        "city": "Shanghai",
        "storeName": "Hong Kong Plaza"
    },
    {
        "storeNumber": "R389",
        "city": "Shanghai",
        "storeName": "Pudong"
    },
    {
        "storeNumber": "R581",
        "city": "Shanghai",
        "storeName": "Wujiaochang"
    },
    {
        "storeNumber": "R153",
        "city": "Sheffield",
        "storeName": "Meadowhall"
    },
    {
        "storeNumber": "R534",
        "city": "Shenyang",
        "storeName": "Zhongjie Joy city"
    },
    {
        "storeNumber": "R576",
        "city": "Shenyang",
        "storeName": "MixC Shenyang"
    },
    {
        "storeNumber": "R484",
        "city": "Shenzhen",
        "storeName": "Holiday Plaza Shenzhen"
    },
    {
        "storeNumber": "R148",
        "city": "Sherman Oaks",
        "storeName": "Sherman Oaks"
    },
    {
        "storeNumber": "R119",
        "city": "Shibuya-ku",
        "storeName": "Shibuya"
    },
    {
        "storeNumber": "R224",
        "city": "Shibuya-ku",
        "storeName": "Omotesando"
    },
    {
        "storeNumber": "R128",
        "city": "Shinjuku-ku",
        "storeName": "Shinjuku"
    },
    {
        "storeNumber": "R043",
        "city": "Short Hills",
        "storeName": "Short Hills"
    },
    {
        "storeNumber": "R519",
        "city": "Sindelfingen",
        "storeName": "Sindelfingen"
    },
    {
        "storeNumber": "R669",
        "city": "Singapore",
        "storeName": "Orchard Road"
    },
    {
        "storeNumber": "R736",
        "city": "Singapore",
        "storeName": "Jewel Changi Airport"
    },
    {
        "storeNumber": "R633",
        "city": "Singapore",
        "storeName": "Marina Bay Sands"
    },
    {
        "storeNumber": "R089",
        "city": "Skokie",
        "storeName": "Old Orchard"
    },
    {
        "storeNumber": "R255",
        "city": "Solihull",
        "storeName": "Touchwood Centre"
    },
    {
        "storeNumber": "R307",
        "city": "South Portland",
        "storeName": "Maine Mall"
    },
    {
        "storeNumber": "R613",
        "city": "South Windsor",
        "storeName": "Evergreen Walk"
    },
    {
        "storeNumber": "R174",
        "city": "Southampton",
        "storeName": "Southampton"
    },
    {
        "storeNumber": "R151",
        "city": "Southlake",
        "storeName": "Southlake Town Square"
    },
    {
        "storeNumber": "R420",
        "city": "Spokane",
        "storeName": "River Park Square"
    },
    {
        "storeNumber": "R062",
        "city": "St. Louis",
        "storeName": "West County"
    },
    {
        "storeNumber": "R114",
        "city": "St. Louis",
        "storeName": "Saint Louis Galleria"
    },
    {
        "storeNumber": "R152",
        "city": "Staten Island",
        "storeName": "Staten Island"
    },
    {
        "storeNumber": "R394",
        "city": "Strasbourg",
        "storeName": "Strasbourg"
    },
    {
        "storeNumber": "R205",
        "city": "Sugar Land",
        "storeName": "First Colony Mall"
    },
    {
        "storeNumber": "R434",
        "city": "Sulzbach",
        "storeName": "MTZ"
    },
    {
        "storeNumber": "R601",
        "city": "Surrey",
        "storeName": "Guildford Town Centre"
    },
    {
        "storeNumber": "R688",
        "city": "Suzhou",
        "storeName": "Suzhou"
    },
    {
        "storeNumber": "R238",
        "city": "Sydney",
        "storeName": "Sydney"
    },
    {
        "storeNumber": "R107",
        "city": "Syracuse",
        "storeName": "Syracuse"
    },
    {
        "storeNumber": "R608",
        "city": "São Paulo",
        "storeName": "Morumbi"
    },
    {
        "storeNumber": "R339",
        "city": "Tacoma",
        "storeName": "Tacoma Mall"
    },
    {
        "storeNumber": "R694",
        "city": "Taipei",
        "storeName": "Xinyi A13"
    },
    {
        "storeNumber": "R713",
        "city": "Taipei",
        "storeName": "Taipei 101"
    },
    {
        "storeNumber": "R019",
        "city": "Tampa",
        "storeName": "International Plaza"
    },
    {
        "storeNumber": "R345",
        "city": "Temecula",
        "storeName": "Promenade Temecula"
    },
    {
        "storeNumber": "R540",
        "city": "The Hague",
        "storeName": "Den Haag"
    },
    {
        "storeNumber": "R126",
        "city": "The Woodlands",
        "storeName": "The Woodlands"
    },
    {
        "storeNumber": "R154",
        "city": "Thousand Oaks",
        "storeName": "The Oaks"
    },
    {
        "storeNumber": "R638",
        "city": "Tianjin",
        "storeName": "MixC Tianjin"
    },
    {
        "storeNumber": "R637",
        "city": "Tianjin",
        "storeName": "Tianjin Joy city"
    },
    {
        "storeNumber": "R579",
        "city": "Tianjin",
        "storeName": "Riverside 66 Tianjin"
    },
    {
        "storeNumber": "R134",
        "city": "Tigard",
        "storeName": "Bridgeport Village"
    },
    {
        "storeNumber": "R090",
        "city": "Tigard",
        "storeName": "Washington Square"
    },
    {
        "storeNumber": "R299",
        "city": "Toledo",
        "storeName": "Franklin Park Mall"
    },
    {
        "storeNumber": "R121",
        "city": "Toronto",
        "storeName": "Eaton Centre"
    },
    {
        "storeNumber": "R208",
        "city": "Toronto",
        "storeName": "Sherway Gardens"
    },
    {
        "storeNumber": "R333",
        "city": "Toronto",
        "storeName": "Fairview"
    },
    {
        "storeNumber": "R120",
        "city": "Toronto",
        "storeName": "Yorkdale"
    },
    {
        "storeNumber": "R063",
        "city": "Towson",
        "storeName": "Towson Town Center"
    },
    {
        "storeNumber": "R055",
        "city": "Troy",
        "storeName": "Somerset"
    },
    {
        "storeNumber": "R629",
        "city": "Trumbull",
        "storeName": "Trumbull"
    },
    {
        "storeNumber": "R499",
        "city": "Tsim Sha Tsui",
        "storeName": "Canton Road"
    },
    {
        "storeNumber": "R086",
        "city": "Tucson",
        "storeName": "La Encantada"
    },
    {
        "storeNumber": "R106",
        "city": "Tukwila",
        "storeName": "Southcenter"
    },
    {
        "storeNumber": "R233",
        "city": "Tulsa",
        "storeName": "Woodland Hills"
    },
    {
        "storeNumber": "R442",
        "city": "Turin",
        "storeName": "Via Roma"
    },
    {
        "storeNumber": "R505",
        "city": "Täby",
        "storeName": "Täby Centrum"
    },
    {
        "storeNumber": "R462",
        "city": "Valencia",
        "storeName": "Valencia Town Center"
    },
    {
        "storeNumber": "R419",
        "city": "Valencia",
        "storeName": "Valencia"
    },
    {
        "storeNumber": "R280",
        "city": "Vancouver",
        "storeName": "Pacific Centre"
    },
    {
        "storeNumber": "R315",
        "city": "Velizy-Villacoublay",
        "storeName": "Vélizy 2"
    },
    {
        "storeNumber": "R140",
        "city": "Victor",
        "storeName": "Eastview"
    },
    {
        "storeNumber": "R687",
        "city": "Vienna",
        "storeName": "Kärntner Straße"
    },
    {
        "storeNumber": "R614",
        "city": "Virginia Beach",
        "storeName": "Lynnhaven Mall"
    },
    {
        "storeNumber": "R014",
        "city": "Walnut Creek",
        "storeName": "Broadway Plaza"
    },
    {
        "storeNumber": "R516",
        "city": "Washington",
        "storeName": "Carnegie Library"
    },
    {
        "storeNumber": "R287",
        "city": "Washington",
        "storeName": "Georgetown"
    },
    {
        "storeNumber": "R464",
        "city": "Waterloo",
        "storeName": "Conestoga"
    },
    {
        "storeNumber": "R527",
        "city": "Watford",
        "storeName": "Watford"
    },
    {
        "storeNumber": "R059",
        "city": "Wauwatosa",
        "storeName": "Mayfair"
    },
    {
        "storeNumber": "R325",
        "city": "Wayne",
        "storeName": "Willowbrook"
    },
    {
        "storeNumber": "R024",
        "city": "Wellington",
        "storeName": "Wellington Green"
    },
    {
        "storeNumber": "R109",
        "city": "West Des Moines",
        "storeName": "Jordan Creek"
    },
    {
        "storeNumber": "R192",
        "city": "Westlake",
        "storeName": "Crocker Park"
    },
    {
        "storeNumber": "R061",
        "city": "White Plains",
        "storeName": "The Westchester"
    },
    {
        "storeNumber": "R281",
        "city": "Whitehall",
        "storeName": "Lehigh Valley"
    },
    {
        "storeNumber": "R234",
        "city": "Willow Grove",
        "storeName": "Willow Grove Park"
    },
    {
        "storeNumber": "R369",
        "city": "Winnipeg",
        "storeName": "Polo Park"
    },
    {
        "storeNumber": "R598",
        "city": "Woodbridge",
        "storeName": "Potomac Town Center"
    },
    {
        "storeNumber": "R013",
        "city": "Woodcliff Lake",
        "storeName": "Tice's Corner"
    },
    {
        "storeNumber": "R081",
        "city": "Woodmere",
        "storeName": "Eton"
    },
    {
        "storeNumber": "R574",
        "city": "Wuxi",
        "storeName": "Center 66 Wuxi"
    },
    {
        "storeNumber": "R644",
        "city": "Xiamen",
        "storeName": "Xiamen Lifestyle Center"
    },
    {
        "storeNumber": "R261",
        "city": "Yonkers",
        "storeName": "Ridge Hill"
    },
    {
        "storeNumber": "R377",
        "city": "Zaragoza",
        "storeName": "Puerto Venecia"
    },
    {
        "storeNumber": "R572",
        "city": "Zhengzhou",
        "storeName": "MixC Zhengzhou"
    },
    {
        "storeNumber": "R159",
        "city": "Zurich",
        "storeName": "Rennweg"
    },
    {
        "storeNumber": "R588",
        "city": "Üsküdar İstanbul",
        "storeName": "Akasya"
    }
]
